"","y_cm","Es_keV","contents","PrReach","uPrReach","PrDet","uPrDet"
"1",0,140,"m",1.0525e-05,2.30132366157501e-07,6.96e-06,1.87750005198402e-07
"2",-250,140,"m",1.95e-07,3.20152711529982e-08,1.15e-07,2.39794070402085e-08
"3",-500,140,"m",2.8e-08,3.74187340913612e-09,1.8e-08,3.00002968151983e-09
"4",-750,140,"m",8.5e-09,2.06152507624816e-09,6.5e-09,1.802806154305e-09
"5",-1000,140,"m",4.6666595e-09,9.12884382927436e-10,3.166666e-09,7.26489951751582e-10
"6",-1250,140,"m",3.5e-09,7.63777925108974e-10,2.499999e-09,6.45506435976442e-10
"7",-1500,140,"m",3.8e-09,8.71787245605257e-10,2.4e-09,6.92833028081081e-10
"8",0,200,"m",0.00027505,1.17517158363694e-06,0.000181985,9.62220503602345e-07
"9",-250,200,"m",1.037e-05,2.28809545141806e-07,6.45e-06,1.82760358160625e-07
"10",-500,200,"m",7.165e-07,1.91511557738038e-08,4.62e-07,1.53938619780742e-08
"11",-750,200,"m",3.76e-07,1.37849236355339e-08,2.42e-07,1.10907650946632e-08
"12",-1000,200,"m",2.0666663e-07,5.92951994062393e-09,1.314999985e-07,4.69906665811717e-09
"13",-1250,200,"m",1.186666015e-07,4.50926823265015e-09,7.50000115e-08,3.57474625250666e-09
"14",-1500,200,"m",6.48e-08,3.62218904724753e-09,4.24e-08,2.93944697880401e-09
"15",0,250,"m",0.00083639,2.04642797810563e-06,0.000557155,1.68701705981838e-06
"16",-250,250,"m",4.0675e-05,4.52559938781594e-07,2.574e-05,3.6419586677295e-07
"17",-500,250,"m",2.5885e-06,3.63513848661918e-08,1.626e-06,2.86799896016369e-08
"18",-750,250,"m",1.1875e-06,2.46136773562993e-08,7.72e-07,1.98095683036002e-08
"19",-1000,250,"m",6.40166783e-07,1.04068066704459e-08,4.12000043e-07,8.33082390132979e-09
"20",-1250,250,"m",3.74833281e-07,7.96701735423464e-09,2.37666667e-07,6.35121267482157e-09
"21",-1500,250,"m",2.354e-07,6.94844959478012e-09,1.494e-07,5.52455570253392e-09
"22",0,300,"m",0.001582125,2.81580750387744e-06,0.001058355,2.32746936581258e-06
"23",-250,300,"m",9.382e-05,6.86827138314838e-07,5.9485e-05,5.52660414809356e-07
"24",-500,300,"m",5.5105e-06,5.30374566169042e-08,3.4935e-06,4.23280317740206e-08
"25",-750,300,"m",2.3615e-06,3.47422591203422e-08,1.5265e-06,2.78234765583401e-08
"26",-1000,300,"m",1.2770004215e-06,1.46953005255959e-08,8.133333195e-07,1.1773795067955e-08
"27",-1250,300,"m",7.29666653e-07,1.10996097121894e-08,4.636665815e-07,8.90356629574934e-09
"28",-1500,300,"m",4.484e-07,9.53272339367927e-09,2.884e-07,7.68881596455527e-09
"29",0,350,"m",0.00240578,3.47309645067334e-06,0.00161567,2.87723329345067e-06
"30",-250,350,"m",0.00016274,9.0501398770461e-07,0.00010377,7.31202580025878e-07
"31",-500,350,"m",9.2345e-06,6.86241816309674e-08,5.836e-06,5.46295773034169e-08
"32",-750,350,"m",3.965e-06,4.501620457352e-08,2.5375e-06,3.58938885440823e-08
"33",-1000,350,"m",2.024499903e-06,1.85237987109262e-08,1.3018333465e-06,1.48869277420549e-08
"34",-1250,350,"m",1.156332713e-06,1.39815521286831e-08,7.37000048e-07,1.12184641761008e-08
"35",-1500,350,"m",6.876e-07,1.17946754081492e-08,4.346e-07,9.40023927023137e-09
"36",0,400,"m",0.00325761,4.04059291803672e-06,0.00220114,3.36085129101129e-06
"37",-250,400,"m",0.000246595,1.11366128407541e-06,0.000158175,9.04498464312958e-07
"38",-500,400,"m",1.3315e-05,8.22912407627021e-08,8.4465e-06,6.58961151768638e-08
"39",-750,400,"m",5.598e-06,5.33936479857155e-08,3.5775e-06,4.27288941165987e-08
"40",-1000,400,"m",2.8501662495e-06,2.19748604151647e-08,1.8353329735e-06,1.77053349670981e-08
"41",-1250,400,"m",1.648500119e-06,1.6693771057816e-08,1.041833236e-06,1.33372798211747e-08
"42",-1500,400,"m",9.604e-07,1.39775231185071e-08,6.06e-07,1.11611373245024e-08
"43",0,450,"m",0.00411104,4.53587358338215e-06,0.002792085,3.79011085339855e-06
"44",-250,450,"m",0.000334455,1.29592569992892e-06,0.00021505,1.05557083054703e-06
"45",-500,450,"m",1.8205e-05,9.6160087180233e-08,1.155325e-05,7.70914809376659e-08
"46",-750,450,"m",7.2995e-06,6.08780720533675e-08,4.693e-06,4.90451769203915e-08
"47",-1000,450,"m",3.702666331e-06,2.50561734762581e-08,2.3698339275e-06,2.01369545117717e-08
"48",-1250,450,"m",2.039166266e-06,1.86006999962644e-08,1.295833803e-06,1.48474487021945e-08
"49",-1500,450,"m",1.263e-06,1.60367652164269e-08,7.986e-07,1.27986147271023e-08
"50",0,500,"m",0.00492785075,2.48019792862542e-06,0.00336300675,2.08206688802635e-06
"51",-250,500,"m",0.00042939625,7.34382391197178e-07,0.0002774225,5.99181118544862e-07
"52",-500,500,"m",2.2697e-05,1.07360951286105e-07,1.4418e-05,8.62374098689919e-08
"53",-750,500,"m",9.0235e-06,6.771254632965e-08,5.783e-06,5.44307518232111e-08
"54",-1000,500,"m",4.54000045e-06,2.77140079224842e-08,2.910500716e-06,2.23117390011251e-08
"55",-1250,500,"m",2.4890007375e-06,2.05547937700837e-08,1.579251445e-06,1.63871546940777e-08
"56",-1500,500,"m",1.5424e-06,1.77169305593604e-08,9.798e-07,1.41844134753609e-08
"57",0,511,"m",0.00510916975,2.5310479377047e-06,0.0034898421,2.11780908485668e-06
"58",-250,511,"m",0.000450945,7.52504782210043e-07,0.000291835,6.14799787143407e-07
"59",-500,511,"m",2.3909e-05,1.10219421247664e-07,1.52175e-05,8.84922889090202e-08
"60",-750,511,"m",9.3625e-06,6.89325831429702e-08,6.0025e-06,5.53934083494146e-08
"61",-1000,511,"m",4.695999452e-06,2.81888433421899e-08,3.0065002075e-06,2.26812489065402e-08
"62",-1250,511,"m",2.585333594e-06,2.0912109422308e-08,1.6540832975e-06,1.68105205915946e-08
"63",-1500,511,"m",1.6068e-06,1.80717343419496e-08,1.0192e-06,1.44806062094099e-08
"64",0,550,"m",0.0057249325,2.6768159537363e-06,0.00392320165,2.24732969762689e-06
"65",-250,550,"m",0.00052900125,8.14996053249665e-07,0.00034330875,6.66961600702734e-07
"66",-500,550,"m",2.8137e-05,1.19568831646128e-07,1.79145e-05,9.62186286127198e-08
"67",-750,550,"m",1.0758e-05,7.38679004347118e-08,6.868e-06,5.93688235128927e-08
"68",-1000,550,"m",5.3694993805e-06,3.01550393291365e-08,3.4551668145e-06,2.43653619647653e-08
"69",-1250,550,"m",2.9936660835e-06,2.25200066082341e-08,1.9073339165e-06,1.81166261818634e-08
"70",-1500,550,"m",1.8082e-06,1.917826532579e-08,1.1422e-06,1.5318638145723e-08
"71",0,600,"m",0.006482062,2.84924557675855e-06,0.00446196585,2.39456714074837e-06
"72",-250,600,"m",0.00063086875,8.898068979298e-07,0.00041198065,7.31762422217062e-07
"73",-500,600,"m",3.3505e-05,4.12338537667776e-07,2.1065e-05,3.2924543394556e-07
"74",-750,600,"m",1.2355e-05,2.51240417635181e-07,8.04500000000001e-06,2.04622549426988e-07
"75",-1000,600,"m",6.27499952e-06,1.03061902225794e-07,3.990000055e-06,8.25924268124034e-08
"76",-1250,600,"m",3.493333445e-06,7.68837480376908e-08,2.216666865e-06,6.11458609905622e-08
"77",-1500,600,"m",2.0312e-06,2.03069218405745e-08,1.2798e-06,1.6240486402839e-08
"78",0,650,"m",0.00720518475,3.00449155357822e-06,0.00498029635,2.53814022718804e-06
"79",-250,650,"m",0.00073528125,9.60913820075307e-07,0.0004819344,7.91627069494245e-07
"80",-500,650,"m",3.8475e-05,4.41344986069854e-07,2.452e-05,3.56653472432276e-07
"81",-750,650,"m",1.4615e-05,2.71794429209835e-07,9.39500000000001e-06,2.19845685426164e-07
"82",-1000,650,"m",6.88166682e-06,1.07739518491146e-07,4.449999805e-06,8.71780785412416e-08
"83",-1250,650,"m",4.05333337e-06,8.26615096670408e-08,2.53500008e-06,6.59312885872495e-08
"84",-1500,650,"m",2.3154e-06,2.16571282076272e-08,1.475e-06,1.74524616276215e-08
"85",0,661.6,"m",0.00736663375,3.02793688801164e-06,0.0050965226,2.56231074851285e-06
"86",-250,661.6,"m",0.00075895625,9.75879474436393e-07,0.0004977144,8.04342992921057e-07
"87",-500,661.6,"m",3.999e-05,4.49898502032403e-07,2.556e-05,3.63967558556735e-07
"88",-750,661.6,"m",1.4995e-05,2.75605397142817e-07,9.64000000000001e-06,2.22710785488153e-07
"89",-1000,661.6,"m",6.9400011e-06,1.08133344021851e-07,4.4950003e-06,8.7705205208601e-08
"90",-1250,661.6,"m",4.049999595e-06,8.25304799996094e-08,2.53000032e-06,6.5994510946477e-08
"91",-1500,661.6,"m",2.364e-06,2.18994410961285e-08,1.5076e-06,1.76298696997454e-08
"92",0,700,"m",0.0079003415,3.1409648783691e-06,0.00548104125,2.66031935751649e-06
"93",-250,700,"m",0.00084062375,1.02766991672694e-06,0.0005526375,8.47759445093543e-07
"94",-500,700,"m",4.3935e-05,4.71718911126107e-07,2.8145e-05,3.82267504745695e-07
"95",-750,700,"m",1.6255e-05,2.87006233394852e-07,1.0375e-05,2.30611995733635e-07
"96",-1000,700,"m",7.93999982e-06,1.15807378339104e-07,5.08666692e-06,9.34471956236038e-08
"97",-1250,700,"m",4.518334965e-06,8.71670247773926e-08,2.85833234e-06,6.98215535450949e-08
"98",-1500,700,"m",2.5746e-06,2.28640951047795e-08,1.6398e-06,1.84099392665918e-08
"99",0,750,"m",0.0085569495,3.270334750151e-06,0.0059607595,2.77756244421781e-06
"100",-250,750,"m",0.00094404,1.08905891474573e-06,0.00062312625,9.00457183175337e-07
"101",-500,750,"m",4.9825e-05,5.01998851674483e-07,3.1985e-05,4.08667108611031e-07
"102",-750,750,"m",1.788e-05,3.00810124601467e-07,1.144e-05,2.41866921413409e-07
"103",-1000,750,"m",8.843333645e-06,1.22110180900986e-07,5.670000645e-06,9.85747267651237e-08
"104",-1250,750,"m",4.68833263e-06,8.87415812283711e-08,3.0116662e-06,7.19379192379742e-08
"105",-1500,750,"m",2.858e-06,2.41061258494931e-08,1.811e-06,1.9364432433459e-08
"106",0,800,"m",0.0091810275,3.3796626633306e-06,0.0064200765,2.8835180458036e-06
"107",-250,800,"m",0.00104705625,1.14689878821956e-06,0.0006947619,9.51217152170012e-07
"108",-500,800,"m",5.636e-05,5.34324745972662e-07,3.62e-05,4.34157062205315e-07
"109",-750,800,"m",1.9755e-05,3.15875849264391e-07,1.258e-05,2.53485285910741e-07
"110",-1000,800,"m",9.47333277e-06,1.26619096714555e-07,6.14499946e-06,1.03025414197262e-07
"111",-1250,800,"m",5.036667355e-06,9.20127516106561e-08,3.20000008e-06,7.39741627641795e-08
"112",-1500,800,"m",3.0472e-06,2.48487711610615e-08,1.9382e-06,2.00343110384161e-08
"113",0,850,"m",0.0097839515,3.5143767005715e-06,0.00686592,2.98128943232175e-06
"114",-250,850,"m",0.00115271875,1.20266479376531e-06,0.00076720815,9.99969176230838e-07
"115",-500,850,"m",6.226e-05,5.61476091897954e-07,4.008e-05,4.56079601967683e-07
"116",-750,850,"m",2.164e-05,3.30995404037579e-07,1.3805e-05,2.6555857245766e-07
"117",-1000,850,"m",1.029833266e-05,1.31556883194111e-07,6.616667195e-06,1.06802188634121e-07
"118",-1250,850,"m",5.383333105e-06,9.52770560792291e-08,3.4449989e-06,7.71207458759425e-08
"119",-1500,850,"m",3.3128e-06,2.59104785599572e-08,2.1072e-06,2.08448840164104e-08
"120",0,900,"m",0.01036303075,3.60189041204152e-06,0.007297807,3.06603073012367e-06
"121",-250,900,"m",0.0012571375,1.25607484301024e-06,0.00083960755,1.04657864386726e-06
"122",-500,900,"m",6.9385e-05,5.91924473354921e-07,4.488e-05,4.83688518518375e-07
"123",-750,900,"m",2.376e-05,3.46831444976879e-07,1.5105e-05,2.78540291808474e-07
"124",-1000,900,"m",1.097666712e-05,1.35873828693056e-07,7.00333517e-06,1.09446508765872e-07
"125",-1250,900,"m",5.90333241e-06,9.98880764536533e-08,3.771667155e-06,8.04653671491277e-08
"126",-1500,900,"m",3.5596e-06,2.68494584997165e-08,2.2716e-06,2.16667618349489e-08
"127",0,950,"m",0.01091351825,3.67668504606781e-06,0.007710705,3.17246779486553e-06
"128",-250,950,"m",0.00136055625,1.3065909695453e-06,0.00091204815,1.09028452570272e-06
"129",-500,950,"m",7.457e-05,6.13674718221103e-07,4.8485e-05,5.04131442264317e-07
"130",-750,950,"m",2.5695e-05,3.60124702163362e-07,1.6495e-05,2.91933719342679e-07
"131",-1000,950,"m",1.182833301e-05,1.41241755155001e-07,7.531666785e-06,1.13913028070444e-07
"132",-1250,950,"m",6.466666515e-06,1.04536645873702e-07,4.154999675e-06,8.47044021276111e-08
"133",-1500,950,"m",3.8578e-06,2.7931133975691e-08,2.4692e-06,2.26388697458332e-08
"134",0,1000,"m",0.011441027,3.78781030817667e-06,0.0081079805,3.24377730463682e-06
"135",-250,1000,"m",0.0014640625,1.35625980190768e-06,0.00098462125,1.13346085643952e-06
"136",-500,1000,"m",8.2615e-05,6.46097143233508e-07,5.3685e-05,5.2984223969192e-07
"137",-750,1000,"m",2.7735e-05,3.74172044242351e-07,1.7785e-05,3.03610388459453e-07
"138",-1000,1000,"m",1.253000091e-05,1.45309459280697e-07,7.99666713e-06,1.17664278580733e-07
"139",-1250,1000,"m",6.988333525e-06,1.08742604593519e-07,4.45499918e-06,8.75127533657751e-08
"140",-1500,1000,"m",4.10350055e-06,2.63375831034777e-08,2.6154996815e-06,2.12884154887921e-08
"141",0,1022,"m",0.01166834675,3.82367464685348e-06,0.0082814955,3.28693320628978e-06
"142",-250,1022,"m",0.00150954,1.37653037985681e-06,0.00101642065,1.15190594794002e-06
"143",-500,1022,"m",8.453e-05,6.53302061581203e-07,5.4995e-05,5.36295585587836e-07
"144",-750,1022,"m",2.8615e-05,3.80431604323957e-07,1.82e-05,3.07164850205065e-07
"145",-1000,1022,"m",1.294333198e-05,1.47848786590978e-07,8.23999959e-06,1.19093186101368e-07
"146",-1250,1022,"m",7.013334425e-06,1.08932029976215e-07,4.53000043e-06,8.83187876269775e-08
"147",-1500,1022,"m",4.188500043e-06,2.65970135791502e-08,2.6740001875e-06,2.15373350661349e-08
"148",0,1050,"m",0.01194731325,3.88256914115871e-06,0.0084965725,3.34033385615862e-06
"149",-250,1050,"m",0.0015684015,1.40145500217969e-06,0.00105818065,1.17622939458642e-06
"150",-500,1050,"m",8.7795e-05,6.66373384234394e-07,5.69275e-05,5.45545192568235e-07
"151",-750,1050,"m",2.907e-05,3.83136503623056e-07,1.8625e-05,3.1132150303344e-07
"152",-1000,1050,"m",1.3438334875e-05,1.50704765706956e-07,8.53666681499999e-06,1.21091712420222e-07
"153",-1250,1050,"m",7.22666705e-06,1.10604702105031e-07,4.69666687e-06,8.98460382495532e-08
"154",-1500,1050,"m",4.288165444e-06,2.6917785502795e-08,2.74033398e-06,2.18083674519406e-08
"155",0,1100,"m",0.0124421705,3.94564410981562e-06,0.0088742255,3.3992034420304e-06
"156",-250,1100,"m",0.0016692075,1.4462685688644e-06,0.0011300622,1.21605923483111e-06
"157",-500,1100,"m",9.5605e-05,6.95493737046208e-07,6.2095e-05,5.69398471972835e-07
"158",-750,1100,"m",3.116e-05,3.96334904064731e-07,2.01e-05,3.23498802480009e-07
"159",-1000,1100,"m",1.4144999085e-05,1.54562653017349e-07,9.05416529e-06,1.246259821862e-07
"160",-1250,1100,"m",7.483332585e-06,1.12397949110547e-07,4.85833259e-06,9.11526328778483e-08
"161",-1500,1100,"m",4.5138329145e-06,2.75911376793563e-08,2.881666654e-06,2.23208236353309e-08
"162",0,1150,"m",0.0129063475,4.02036404977246e-06,0.0092316905,3.48488192721348e-06
"163",-250,1150,"m",0.00176891625,1.49115556590139e-06,0.0012016359,1.25480344364212e-06
"164",-500,1150,"m",0.000101415,7.15823247939566e-07,6.61e-05,5.87609757265185e-07
"165",-750,1150,"m",3.2825e-05,4.07193897919038e-07,2.099e-05,3.29448522011786e-07
"166",-1000,1150,"m",1.4919998555e-05,1.58690030434238e-07,9.53083361000001e-06,1.27797078517979e-07
"167",-1250,1150,"m",7.636665845e-06,1.13579021727266e-07,4.968333565e-06,9.23581701744133e-08
"168",-1500,1150,"m",4.77016639e-06,2.83473010456423e-08,3.060500548e-06,2.3035414378221e-08
"169",0,1173,"m",0.0131142495,4.06196392503906e-06,0.00939314525,3.5250628985998e-06
"170",-250,1173,"m",0.001813803,1.50733561349316e-06,0.00123420735,1.2720753362217e-06
"171",-500,1173,"m",0.00010342,7.23026787869578e-07,6.7805e-05,5.95010402098043e-07
"172",-750,1173,"m",3.329e-05,4.10496521605848e-07,2.14e-05,3.32867203427658e-07
"173",-1000,1173,"m",1.5108333375e-05,1.59628859681488e-07,9.708332745e-06,1.28967422631944e-07
"174",-1250,1173,"m",8.013332225e-06,1.16571245739532e-07,5.17999985e-06,9.43131025935478e-08
"175",-1500,1173,"m",4.841499121e-06,2.85597964747087e-08,3.107917018e-06,2.32141168565287e-08
"176",0,1200,"m",0.01335386525,4.06946581742426e-06,0.00957960025,3.5293343744495e-06
"177",-250,1200,"m",0.00186685,1.53035570429685e-06,0.0012716981,1.29160172028277e-06
"178",-500,1200,"m",0.00010666,7.34393183970787e-07,6.98325e-05,6.03093020144747e-07
"179",-750,1200,"m",3.4075e-05,4.1510555178111e-07,2.1865e-05,3.36256904978916e-07
"180",-1000,1200,"m",1.5925e-05,2.83953804992115e-07,1.0165e-05,2.27667017393824e-07
"181",-1250,1200,"m",8.39000000000002e-06,2.05911512575791e-07,5.46e-06,1.67925750345949e-07
"182",-1500,1200,"m",5.0218332765e-06,2.91005850824103e-08,3.227499645e-06,2.36566991960237e-08
"183",0,1250,"m",0.0137813465,4.14953365150115e-06,0.009911248,3.60535647606113e-06
"184",-250,1250,"m",0.00196442,1.57042056856186e-06,0.00134177705,1.32655021194569e-06
"185",-500,1250,"m",0.000113335,7.56438127690725e-07,7.46825e-05,6.2496901007095e-07
"186",-750,1250,"m",3.6195e-05,4.27977013725329e-07,2.3195e-05,3.46294420325754e-07
"187",-1000,1250,"m",1.66250000000001e-05,2.89856341528437e-07,1.0765e-05,2.34692051381699e-07
"188",-1250,1250,"m",8.90000000000003e-06,2.12252036259372e-07,5.84e-06,1.74640584778424e-07
"189",-1500,1250,"m",5.208333174e-06,2.96411734567725e-08,3.357917391e-06,2.41638245868146e-08
"190",0,1300,"m",0.01419805125,4.22636114544781e-06,0.01023738425,3.68308528833202e-06
"191",-250,1300,"m",0.00206143,1.6069563536563e-06,0.00141129935,1.36006186478493e-06
"192",-500,1300,"m",0.00012027,7.79250887876299e-07,7.92575e-05,6.43492524638253e-07
"193",-750,1300,"m",3.8585e-05,4.41518002973265e-07,2.46675e-05,3.56372376147479e-07
"194",-1000,1300,"m",1.7495e-05,2.97460267631662e-07,1.143e-05,2.43722507872683e-07
"195",-1250,1300,"m",9.43500000000002e-06,2.18800237522723e-07,6.065e-06,1.77689661227799e-07
"196",-1500,1300,"m",5.4718339335e-06,3.03634452014216e-08,3.5215839555e-06,2.4748699057491e-08
"197",0,1332,"m",0.01445451,8.53436425501105e-06,0.010443205,7.41387324928027e-06
"198",-250,1332,"m",0.002124355,3.26425153901216e-06,0.0014563925,2.76774549806045e-06
"199",-500,1332,"m",0.000124795,7.93806768615637e-07,8.23375e-05,6.57601119007421e-07
"200",-750,1332,"m",3.975e-05,4.4807593388928e-07,2.5555e-05,3.62722480425462e-07
"201",-1000,1332,"m",1.827e-05,3.04306276789931e-07,1.189e-05,2.48511180789215e-07
"202",-1250,1332,"m",9.60500000000003e-06,2.20282316944643e-07,6.16e-06,1.79025329603802e-07
"203",-1500,1332,"m",5.60099883200001e-06,3.07206074080584e-08,3.625167256e-06,2.51117251749187e-08
"204",0,1350,"m",0.014599375,8.53702255621496e-06,0.0105588275,7.46567141581334e-06
"205",-250,1350,"m",0.00215643,3.28856049748028e-06,0.0014799975,2.78868056271645e-06
"206",-500,1350,"m",0.00012609,7.98233815305077e-07,8.32975e-05,6.61201263201351e-07
"207",-750,1350,"m",3.997e-05,4.49027084349875e-07,2.584e-05,3.66291159928478e-07
"208",-1000,1350,"m",1.852e-05,3.06591715651695e-07,1.212e-05,2.51100066342584e-07
"209",-1250,1350,"m",9.53000000000003e-06,2.19547886601648e-07,6.205e-06,1.79381660143254e-07
"210",-1500,1350,"m",5.6746662385e-06,3.09322849173403e-08,3.6668343595e-06,2.52548108009971e-08
"211",0,1400,"m",0.01498879,8.68501539662527e-06,0.0108625425,7.55348704877814e-06
"212",-250,1400,"m",0.00224821,3.35687272860009e-06,0.001547165,2.85236496456146e-06
"213",-500,1400,"m",0.000133105,8.19184010553184e-07,8.808e-05,6.79576419020058e-07
"214",-750,1400,"m",4.1535e-05,4.57879949176091e-07,2.69225e-05,3.74687791190296e-07
"215",-1000,1400,"m",1.9655e-05,3.15637342895688e-07,1.2725e-05,2.57631120304788e-07
"216",-1250,1400,"m",9.77000000000003e-06,2.22154820580153e-07,6.38999999999999e-06,1.82075679537383e-07
"217",-1500,1400,"m",5.876499192e-06,3.14766662154526e-08,3.805164117e-06,2.57349409162698e-08
"218",0,1450,"m",0.015357435,8.75064014852368e-06,0.011152515,7.68828511689664e-06
"219",-250,1450,"m",0.002339295,3.42766284307489e-06,0.00161414,2.91273887443513e-06
"220",-500,1450,"m",0.00014116,8.44104236385827e-07,9.35675e-05,7.00729523111138e-07
"221",-750,1450,"m",4.3705e-05,4.69168839686738e-07,2.82875e-05,3.83073087042228e-07
"222",-1000,1450,"m",2.0415e-05,3.21653826525506e-07,1.3275e-05,2.65082930293993e-07
"223",-1250,1450,"m",1.064e-05,2.31744942663804e-07,6.83499999999999e-06,1.8781631108679e-07
"224",-1500,1450,"m",6.1349997885e-06,3.21722092699043e-08,3.975333465e-06,2.6337530538255e-08
"225",0,1500,"m",0.015713025,8.88066925441335e-06,0.0114338025,7.75998875766514e-06
"226",-250,1500,"m",0.0024271,3.48981303180958e-06,0.00167955,2.97359650632403e-06
"227",-500,1500,"m",0.000148825,8.66333340447544e-07,9.87875e-05,7.19575227164045e-07
"228",-750,1500,"m",4.4935e-05,4.75911342951342e-07,2.93575e-05,3.91301170927602e-07
"229",-1000,1500,"m",2.1285e-05,3.28523207596891e-07,1.3835e-05,2.69485254676392e-07
"230",-1250,1500,"m",1.1185e-05,2.37443344753017e-07,7.20999999999999e-06,1.94293930578775e-07
"231",-1500,1500,"m",6.373834638e-06,3.27952225848839e-08,4.1264160325e-06,2.68300128694501e-08
"232",0,1550,"m",0.016051145,9.00199633554468e-06,0.0117080925,7.8912347315786e-06
"233",-250,1550,"m",0.002519845,3.55509532465819e-06,0.0017479525,3.0371049370228e-06
"234",-500,1550,"m",0.000155555,8.86062259676909e-07,0.0001035075,7.39930217060239e-07
"235",-750,1550,"m",4.499e-05,4.76318213186836e-07,2.9575e-05,3.93472008498381e-07
"236",-1000,1550,"m",2.1515e-05,3.30500417505031e-07,1.4055e-05,2.72160256511214e-07
"237",-1250,1550,"m",1.128e-05,2.39259817707654e-07,7.255e-06,1.94610216593323e-07
"238",-1500,1550,"m",6.5721690165e-06,3.32854689794954e-08,4.263167788e-06,2.72808088871312e-08
"239",0,1600,"m",0.01638669,9.04826272363522e-06,0.0119823625,7.94646341284936e-06
"240",-250,1600,"m",0.002600715,3.61142616505772e-06,0.00180695,3.08691801708652e-06
"241",-500,1600,"m",0.000162045,9.04481648908368e-07,0.00010756,7.53611317292774e-07
"242",-750,1600,"m",4.7105e-05,4.87692581859208e-07,3.086e-05,4.01491880835093e-07
"243",-1000,1600,"m",2.286e-05,3.40291303145922e-07,1.4885e-05,2.80767683131446e-07
"244",-1250,1600,"m",1.174e-05,2.43531706143163e-07,7.61749999999999e-06,1.99197511088869e-07
"245",-1500,1600,"m",6.8011672395e-06,3.38682629142832e-08,4.4138341485e-06,2.77784217565307e-08
"246",0,1650,"m",0.016714725,9.16495648022761e-06,0.0122421425,8.06805829919004e-06
"247",-250,1650,"m",0.002690775,3.67196831195379e-06,0.0018738275,3.14676372385583e-06
"248",-500,1650,"m",0.00016905,9.23934603449833e-07,0.0001126175,7.70982217406999e-07
"249",-750,1650,"m",4.9225e-05,4.9837912533507e-07,3.2195e-05,4.10297857742701e-07
"250",-1000,1650,"m",2.333e-05,3.43279680000142e-07,1.502e-05,2.81591250521922e-07
"251",-1250,1650,"m",1.235e-05,2.49498319518389e-07,8.11500000000002e-06,2.05601001491359e-07
"252",-1500,1650,"m",6.979999725e-06,3.42905517922686e-08,4.55258349550001e-06,2.82241319686813e-08
"253",0,1700,"m",0.01702843,9.27732016611872e-06,0.0124956875,8.18447402269147e-06
"254",-250,1700,"m",0.00276651,3.72666168172501e-06,0.0019294025,3.1972294221889e-06
"255",-500,1700,"m",0.000176185,9.43127560391753e-07,0.00011787,7.90021846480922e-07
"256",-750,1700,"m",5.0525e-05,5.05043620948231e-07,3.3185e-05,4.18229961564209e-07
"257",-1000,1700,"m",2.3795e-05,3.46875145923933e-07,1.546e-05,2.84695720819176e-07
"258",-1250,1700,"m",1.259e-05,2.52098613158621e-07,8.21500000000003e-06,2.07548606915344e-07
"259",-1500,1700,"m",7.292001645e-06,3.50519068282571e-08,4.746416222e-06,2.88245614818185e-08
"260",0,1750,"m",0.01733468,9.2956113666529e-06,0.0127382,8.21356399181068e-06
"261",-250,1750,"m",0.00284953,3.77929806490336e-06,0.0019914725,3.2477853122605e-06
"262",-500,1750,"m",0.00018309,9.6116944298326e-07,0.0001227425,8.06435591680335e-07
"263",-750,1750,"m",5.29800000000001e-05,5.16943020426575e-07,3.486e-05,4.30063248207749e-07
"264",-1000,1750,"m",2.387e-05,3.48335239605829e-07,1.5655e-05,2.8796430587618e-07
"265",-1250,1750,"m",1.3e-05,2.56123355204577e-07,8.61750000000005e-06,2.13790635463325e-07
"266",-1500,1750,"m",7.51083392e-06,3.556600141125e-08,4.9006658655e-06,2.93099458276054e-08
"267",0,1800,"m",0.017627095,9.39807700419111e-06,0.0129742675,8.32163379214842e-06
"268",-250,1800,"m",0.00292892,3.83349638876509e-06,0.0020498925,3.29646979143129e-06
"269",-500,1800,"m",0.00019042,9.80170938956568e-07,0.0001278825,8.23651301534629e-07
"270",-750,1800,"m",5.4765e-05,5.26125978134277e-07,3.60500000000001e-05,4.35032580444557e-07
"271",-1000,1800,"m",2.4955e-05,3.5569755434252e-07,1.63125e-05,2.95696122853873e-07
"272",-1250,1800,"m",1.34000000000001e-05,2.59994064904375e-07,8.72250000000004e-06,2.14903455901132e-07
"273",-1500,1800,"m",7.711666478e-06,3.60525719651292e-08,5.0360012735e-06,2.97384186091905e-08
"274",0,1850,"m",0.017902855,9.4957780445884e-06,0.013193435,8.42558236856929e-06
"275",-250,1850,"m",0.0030018,3.87802156859319e-06,0.0021042775,3.34307921815942e-06
"276",-500,1850,"m",0.000196615,9.9559373520327e-07,0.00013275,8.4105828427828e-07
"277",-750,1850,"m",5.6325e-05,5.33709814019051e-07,3.7125e-05,4.42101802766908e-07
"278",-1000,1850,"m",2.588e-05,3.62403252194638e-07,1.68425e-05,3.00556313864079e-07
"279",-1250,1850,"m",1.354e-05,2.61719842965241e-07,8.86750000000005e-06,2.1657943102777e-07
"280",-1500,1850,"m",7.9335007765e-06,3.65598998259219e-08,5.17658362150001e-06,3.015952976583e-08
"281",0,1900,"m",0.01816049,9.49159865615118e-06,0.0134030525,8.43126106379943e-06
"282",-250,1900,"m",0.003074395,3.92411521814214e-06,0.0021607075,3.38852230164745e-06
"283",-500,1900,"m",0.00020196,1.00966298374247e-06,0.0001364325,8.51308642504989e-07
"284",-750,1900,"m",5.8255e-05,5.43309562290459e-07,3.8435e-05,4.50753866600998e-07
"285",-1000,1900,"m",2.72050000000001e-05,3.71634654515695e-07,1.755e-05,3.05284521231834e-07
"286",-1250,1900,"m",1.3735e-05,2.64146078731542e-07,9.13500000000005e-06,2.2039357875401e-07
"287",-1500,1900,"m",8.20699823150001e-06,3.71661517512884e-08,5.365250165e-06,3.06861481320378e-08
"288",0,1950,"m",0.01841078,9.57075219666495e-06,0.0136064125,8.52207665506464e-06
"289",-250,1950,"m",0.003136365,3.96770578521153e-06,0.002209635,3.42740295003644e-06
"290",-500,1950,"m",0.000209525,1.02801723698669e-06,0.0001419525,8.69895398545064e-07
"291",-750,1950,"m",5.8965e-05,5.45797034447101e-07,3.913e-05,4.55753693105442e-07
"292",-1000,1950,"m",2.802e-05,3.76742202276305e-07,1.831e-05,3.11912140082748e-07
"293",-1250,1950,"m",1.413e-05,2.67965488542835e-07,9.31500000000005e-06,2.21981509634248e-07
"294",-1500,1950,"m",8.36100024000001e-06,3.75208316386955e-08,5.472499307e-06,3.10397743800707e-08
"295",0,2000,"m",0.01865463,9.65557159407273e-06,0.0138051375,8.61540316445927e-06
"296",-250,2000,"m",0.00320503,4.00970367099051e-06,0.00226013,3.46698427160298e-06
"297",-500,2000,"m",0.000216625,1.04533488796593e-06,0.000147095,8.88770068083557e-07
"298",-750,2000,"m",6.0385e-05,5.52094836229021e-07,4.005e-05,4.60107006330049e-07
"299",-1000,2000,"m",2.82950000000001e-05,3.78247003619659e-07,1.853e-05,3.12797852005493e-07
"300",-1250,2000,"m",1.447e-05,2.70655856184565e-07,9.52000000000005e-06,2.26056292388091e-07
"301",-1500,2000,"m",8.57466746499999e-06,3.80128371871447e-08,5.6269174235e-06,3.1478821562927e-08
"302",0,140,"f",0.00012305,8.21110631598599e-07,8.3675e-05,6.47475252309886e-07
"303",-250,140,"f",2.555e-06,1.21964658412796e-07,1.585e-06,8.93024948167743e-08
"304",-500,140,"f",1.455e-07,9.15111255667856e-09,1e-07,7.07140695724691e-09
"305",-750,140,"f",9.95e-08,7.4662147680401e-09,6.55e-08,5.7228578612438e-09
"306",-1000,140,"f",6.11666515e-08,3.34575307950822e-09,4.2666682e-08,2.66675827232932e-09
"307",-1250,140,"f",4.16667015e-08,2.81852952995611e-09,2.86666635e-08,2.18594319181504e-09
"308",-1500,140,"f",2.5e-08,2.42484437917158e-09,1.56e-08,1.7663972884943e-09
"309",0,200,"f",0.00030546,1.28166646615842e-06,0.000204385,1.01368183720658e-06
"310",-250,200,"f",7.67e-06,2.05170923282881e-07,4.785e-06,1.5580802256142e-07
"311",-500,200,"f",3.815e-07,1.44122800409061e-08,2.57e-07,1.1422735352467e-08
"312",-750,200,"f",2.22e-07,1.10905516623385e-08,1.555e-07,8.81753303608782e-09
"313",-1000,200,"f",1.52499968e-07,5.22527560571641e-09,1.05000013e-07,4.1902002811715e-09
"314",-1250,200,"f",9.96666815e-08,4.27511009922992e-09,6.7833295e-08,3.37059412203514e-09
"315",-1500,200,"f",6.38e-08,3.78961257951258e-09,4.28e-08,2.92581680178373e-09
"316",0,250,"f",0.00049203,1.61848858735998e-06,0.000327975,1.2847172695642e-06
"317",-250,250,"f",1.366e-05,2.73417994030203e-07,8.37e-06,2.06147483352332e-07
"318",-500,250,"f",7.68e-07,2.0405974564573e-08,4.97e-07,1.58600908038069e-08
"319",-750,250,"f",4.405e-07,1.53201331444932e-08,2.945e-07,1.21765314028667e-08
"320",-1000,250,"f",2.64166701e-07,6.96940964634246e-09,1.81166633e-07,5.51554372735053e-09
"321",-1250,250,"f",1.73833348e-07,5.64469564942851e-09,1.14500013e-07,4.38759743896286e-09
"322",-1500,250,"f",1.138e-07,5.05523645714026e-09,7.6e-08,3.89858529264142e-09
"323",0,300,"f",0.000709565,1.9386007657059e-06,0.00047124,1.54061203947084e-06
"324",-250,300,"f",2.1425e-05,3.41030182042587e-07,1.3485e-05,2.61807238904886e-07
"325",-500,300,"f",1.266e-06,2.60480168164008e-08,8.27e-07,2.04542839850849e-08
"326",-750,300,"f",7.17e-07,1.95200312243603e-08,4.8e-07,1.55720070358641e-08
"327",-1000,300,"f",4.165000445e-07,8.61629406850064e-09,2.77499978e-07,6.83383679423885e-09
"328",-1250,300,"f",2.609999585e-07,6.88811335609461e-09,1.72499945e-07,5.37246296050246e-09
"329",-1500,300,"f",1.552e-07,5.8378620405419e-09,1.02e-07,4.55217185128154e-09
"330",0,350,"f",0.000937875,2.2234698817818e-06,0.000621185,1.77105601689225e-06
"331",-250,350,"f",3.2e-05,4.12842073097874e-07,2.0085e-05,3.19661824281537e-07
"332",-500,350,"f",1.8405e-06,3.13326894301303e-08,1.1985e-06,2.4601390987808e-08
"333",-750,350,"f",9.215e-07,2.22227123337252e-08,6.13e-07,1.75787337450682e-08
"334",-1000,350,"f",5.62000078e-07,1.00167642483029e-08,3.741665795e-07,7.93906573534449e-09
"335",-1250,350,"f",3.49666658e-07,7.89440169943774e-09,2.33333314e-07,6.26756068087564e-09
"336",-1500,350,"f",2.224e-07,6.98478232685887e-09,1.444e-07,5.38858708330857e-09
"337",0,400,"f",0.001184925,2.49368250083892e-06,0.00078444,1.99244525002966e-06
"338",-250,400,"f",4.304e-05,4.78629865409326e-07,2.7095e-05,3.70310160082734e-07
"339",-500,400,"f",2.3995e-06,3.57697487132633e-08,1.564e-06,2.82213922509149e-08
"340",-750,400,"f",1.2685e-06,2.58425500385024e-08,8.475e-07,2.07179485481792e-08
"341",-1000,400,"f",7.20000208e-07,1.12758406052948e-08,4.828333485e-07,9.0106834038331e-09
"342",-1250,400,"f",4.454999415e-07,8.93108809520772e-09,2.90500043e-07,6.99422729601463e-09
"343",-1500,400,"f",2.772e-07,7.72028669812203e-09,1.8e-07,6.02031823295081e-09
"344",0,450,"f",0.001443405,2.74786612981673e-06,0.00095577,2.20076838891897e-06
"345",-250,450,"f",5.4325e-05,5.36955339446634e-07,3.3745e-05,4.14782022167065e-07
"346",-500,450,"f",3.1375e-06,4.07801213212393e-08,2.0245e-06,3.20272602360473e-08
"347",-750,450,"f",1.4985e-06,2.81481536597429e-08,1.0155e-06,2.27097968049034e-08
"348",-1000,450,"f",9.218332485e-07,1.27760288205751e-08,6.04333452e-07,1.00677092021946e-08
"349",-1250,450,"f",5.31333336e-07,9.74436748184825e-09,3.50166729e-07,7.69675921452639e-09
"350",-1500,450,"f",3.37e-07,8.51077827961697e-09,2.206e-07,6.6659115769413e-09
"351",0,500,"f",0.001709778,1.49518758278429e-06,0.00113196125,1.19792410399146e-06
"352",-250,500,"f",6.857375e-05,3.01203931275753e-07,4.29675e-05,2.34105633580729e-07
"353",-500,500,"f",4.041e-06,4.62268846460044e-08,2.578e-06,3.61284310884793e-08
"354",-750,500,"f",1.876e-06,3.13503498060628e-08,1.247e-06,2.51254426822196e-08
"355",-1000,500,"f",1.0700000175e-06,1.37390018963203e-08,7.03000003e-07,1.0889776992524e-08
"356",-1250,500,"f",6.75166763e-07,1.09227125587324e-08,4.40499996e-07,8.62918769137157e-09
"357",-1500,500,"f",4.01e-07,9.24524878391058e-09,2.608e-07,7.24909072634631e-09
"358",0,511,"f",0.001769638,1.51544054064575e-06,0.00117185275,1.21633717265174e-06
"359",-250,511,"f",7.161875e-05,3.07694362999836e-07,4.485125e-05,2.389831629135e-07
"360",-500,511,"f",4.2195e-06,4.71980190684683e-08,2.6925e-06,3.69368936231784e-08
"361",-750,511,"f",1.97e-06,3.21390560017325e-08,1.302e-06,2.56511847936406e-08
"362",-1000,511,"f",1.110666972e-06,1.39836678146482e-08,7.320000035e-07,1.11381121745228e-08
"363",-1250,511,"f",6.9033326e-07,1.10669755778084e-08,4.48999992e-07,8.71769404741394e-09
"364",-1500,511,"f",4.212e-07,9.52858376020277e-09,2.766e-07,7.4954718953779e-09
"365",0,550,"f",0.00198197275,1.60779936661494e-06,0.001313827,1.29023560696251e-06
"366",-250,550,"f",8.4355e-05,3.33578667545135e-07,5.274125e-05,2.59538693931385e-07
"367",-500,550,"f",4.936e-06,5.09140397235134e-08,3.1425e-06,3.997716026924e-08
"368",-750,550,"f",2.2355e-06,3.43149531590457e-08,1.469e-06,2.73481491451433e-08
"369",-1000,550,"f",1.3071665645e-06,1.51737179298591e-08,8.559998445e-07,1.20438571809778e-08
"370",-1250,550,"f",7.791671455e-07,1.17425460081828e-08,5.066667e-07,9.26408377302842e-09
"371",-1500,550,"f",4.838e-07,1.02073538153039e-08,3.192e-07,8.08416589181593e-09
"372",0,600,"f",0.00225519525,1.70983601768505e-06,0.00149707675,1.37959256603899e-06
"373",-250,600,"f",0.0001008725,3.6426168193036e-07,6.312875e-05,2.84096792769455e-07
"374",-500,600,"f",5.6e-06,1.71757074934339e-07,3.56e-06,1.36013563490925e-07
"375",-750,600,"f",2.63e-06,1.18746400595976e-07,1.685e-06,9.36757976227051e-08
"376",-1000,600,"f",1.441667195e-06,5.01933036888527e-08,9.51666555e-07,4.0103829479282e-08
"377",-1250,600,"f",9.78333455e-07,4.13309409415454e-08,6.2499986e-07,3.25327994114019e-08
"378",-1500,600,"f",5.588e-07,1.08514051874032e-08,3.7e-07,8.71363861258889e-09
"379",0,650,"f",0.00252746075,1.81041656573452e-06,0.001680932,1.46210614650808e-06
"380",-250,650,"f",0.00011786625,3.9315015902958e-07,7.390875e-05,3.07831919332689e-07
"381",-500,650,"f",6.475e-06,1.8430558617348e-07,4.14e-06,1.45594282756913e-07
"382",-750,650,"f",3.1e-06,1.27079908712983e-07,2e-06,1.00501329268572e-07
"383",-1000,650,"f",1.62666643e-06,5.34371059111803e-08,1.086666815e-06,4.29501527463923e-08
"384",-1250,650,"f",1.059999745e-06,4.29466051453881e-08,6.73333115e-07,3.41568348397703e-08
"385",-1500,650,"f",6.446e-07,1.16709414703356e-08,4.206e-07,9.2449661256275e-09
"386",0,661.6,"f",0.002593365,1.83695871985529e-06,0.001725389,1.48351124970159e-06
"387",-250,661.6,"f",0.00012235875,4.00483846591961e-07,7.6755e-05,3.14022451533898e-07
"388",-500,661.6,"f",7.03e-06,1.91448691467845e-07,4.47e-06,1.51992420090608e-07
"389",-750,661.6,"f",3.1e-06,1.28450673359465e-07,1.995e-06,1.0037145346412e-07
"390",-1000,661.6,"f",1.7100006e-06,5.46681655626965e-08,1.15166647e-06,4.41918702325754e-08
"391",-1250,661.6,"f",1.06833289e-06,4.31745844658934e-08,6.98333525e-07,3.47614380973453e-08
"392",-1500,661.6,"f",6.572e-07,1.18322759257549e-08,4.306e-07,9.35694959334504e-09
"393",0,700,"f",0.00280862,1.91155667808219e-06,0.0018710295,1.54088117342961e-06
"394",-250,700,"f",0.00013749,4.24079944668289e-07,8.6274375e-05,3.32705507273354e-07
"395",-500,700,"f",7.72e-06,2.00131585886011e-07,4.995e-06,1.59927583146248e-07
"396",-750,700,"f",3.45e-06,1.35092111987525e-07,2.255e-06,1.06418137874847e-07
"397",-1000,700,"f",1.86666611e-06,5.71047168786347e-08,1.238333515e-06,4.6399782560622e-08
"398",-1250,700,"f",1.04833246e-06,4.29803987093641e-08,7.0333307e-07,3.49599028192682e-08
"399",-1500,700,"f",7.23e-07,1.23972592774694e-08,4.632e-07,9.70737903988507e-09
"400",0,750,"f",0.00308577675,2.00352871003139e-06,0.00205953525,1.62203376249387e-06
"401",-250,750,"f",0.0001569925,4.5250259695346e-07,9.8815625e-05,3.56005553317932e-07
"402",-500,750,"f",8.845e-06,2.13699335192578e-07,5.595e-06,1.69029102596269e-07
"403",-750,750,"f",3.85e-06,1.42296886641978e-07,2.615e-06,1.15003294863669e-07
"404",-1000,750,"f",2.091666185e-06,6.06642108465366e-08,1.4066671e-06,4.91610360569395e-08
"405",-1250,750,"f",1.27666662e-06,4.71413528858756e-08,8.4333307e-07,3.80768533655725e-08
"406",-1500,750,"f",7.722e-07,1.27651615685349e-08,5.072e-07,1.01821374777794e-08
"407",0,800,"f",0.003358884,2.08807051354312e-06,0.00224676475,1.69831021587798e-06
"408",-250,800,"f",0.00017766125,4.81000766417383e-07,0.00011230625,3.80093688248351e-07
"409",-500,800,"f",9.88500000000001e-06,2.24996647954475e-07,6.35e-06,1.80145367525091e-07
"410",-750,800,"f",4.23e-06,1.47984652402707e-07,2.805e-06,1.1968444300848e-07
"411",-1000,800,"f",2.33333291e-06,6.35525415800269e-08,1.515000105e-06,5.0689987477751e-08
"412",-1250,800,"f",1.34999989e-06,4.85894556488574e-08,8.8666694e-07,3.86588454918408e-08
"413",-1500,800,"f",8.448e-07,1.33441265169362e-08,5.45e-07,1.05286704478961e-08
"414",0,850,"f",0.00363766775,2.16607266422921e-06,0.002438482,1.75823481267416e-06
"415",-250,850,"f",0.0001996275,5.09438986139656e-07,0.00012643625,4.03309591806732e-07
"416",-500,850,"f",1.1025e-05,2.39413708481783e-07,7.015e-06,1.89267399749666e-07
"417",-750,850,"f",4.755e-06,1.57072956890262e-07,3.07e-06,1.24700724396452e-07
"418",-1000,850,"f",2.480001025e-06,6.56203151478485e-08,1.606666935e-06,5.20171061367787e-08
"419",-1250,850,"f",1.55166571e-06,5.19897108125258e-08,1.00333321e-06,4.15665377140658e-08
"420",-1500,850,"f",9.122e-07,1.38829542249623e-08,5.816e-07,1.08811638268523e-08
"421",0,900,"f",0.00391175725,2.23727934066007e-06,0.00262745315,1.83030589154641e-06
"422",-250,900,"f",0.00022218,5.36800902336952e-07,0.00014118625,4.26151852583274e-07
"423",-500,900,"f",1.229e-05,2.51097909353105e-07,7.96500000000001e-06,2.01440012614798e-07
"424",-750,900,"f",5.195e-06,1.6393163708159e-07,3.355e-06,1.30674449873531e-07
"425",-1000,900,"f",2.57833266e-06,6.6729471749467e-08,1.71999861e-06,5.40078144914931e-08
"426",-1250,900,"f",1.76333323e-06,5.5830874277028e-08,1.12000027e-06,4.35891404474195e-08
"427",-1500,900,"f",1.0122e-06,1.46002513078919e-08,6.524e-07,1.15589326805722e-08
"428",0,950,"f",0.0041858955,2.32114802380155e-06,0.00281728775,1.89619144423076e-06
"429",-250,950,"f",0.00024575875,5.64430177403739e-07,0.00015642375,4.48720119446044e-07
"430",-500,950,"f",1.3805e-05,2.66808140664786e-07,9.01000000000002e-06,2.15418205698242e-07
"431",-750,950,"f",5.67e-06,1.72032810572577e-07,3.7e-06,1.37292666644107e-07
"432",-1000,950,"f",2.94000045e-06,7.16471132209634e-08,1.91833329e-06,5.70355294189677e-08
"433",-1250,950,"f",1.853334005e-06,5.69106593150367e-08,1.218333315e-06,4.56732428952597e-08
"434",-1500,950,"f",1.0778e-06,1.5058049245636e-08,6.876e-07,1.18416073268792e-08
"435",0,1000,"f",0.00445158375,2.38670230217076e-06,0.003002949,1.95690241384606e-06
"436",-250,1000,"f",0.000270335,5.91269472871335e-07,0.000172205,4.70859892370099e-07
"437",-500,1000,"f",1.499e-05,2.78107913049054e-07,9.73000000000001e-06,2.2549968439224e-07
"438",-750,1000,"f",6.165e-06,1.79511845567361e-07,3.96e-06,1.42828239474027e-07
"439",-1000,1000,"f",3.2166679e-06,7.48365824462438e-08,2.12333377e-06,6.02748673905535e-08
"440",-1250,1000,"f",1.963332675e-06,5.83516454534498e-08,1.271666765e-06,4.64593884308611e-08
"441",-1500,1000,"f",1.140166621e-06,1.41146515660303e-08,7.321668225e-07,1.11613817470034e-08
"442",0,1022,"f",0.00457224675,2.4261811942064e-06,0.00308737125,1.98857766499444e-06
"443",-250,1022,"f",0.00028196375,6.04185851770199e-07,0.00017982375,4.81275371289335e-07
"444",-500,1022,"f",1.535e-05,2.81957020892813e-07,1.0015e-05,2.29070256220117e-07
"445",-750,1022,"f",6.37e-06,1.81531834823124e-07,4.135e-06,1.45170131708454e-07
"446",-1000,1022,"f",3.361667815e-06,7.62529857639081e-08,2.19333369e-06,6.10131530307935e-08
"447",-1250,1022,"f",2.08500013e-06,6.03945157981717e-08,1.351666845e-06,4.78703399441178e-08
"448",-1500,1022,"f",1.1879997335e-06,1.44249983945085e-08,7.61000101e-07,1.13810633213223e-08
"449",0,1050,"f",0.0047258245,2.46865628172254e-06,0.00319550475,2.03290680099744e-06
"450",-250,1050,"f",0.00029604,6.1853044806569e-07,0.00018916375,4.93940332748757e-07
"451",-500,1050,"f",1.6275e-05,2.90026911742686e-07,1.068e-05,2.3645124330557e-07
"452",-750,1050,"f",6.67e-06,1.86131982638664e-07,4.34e-06,1.48323391345566e-07
"453",-1000,1050,"f",3.38499979e-06,7.6542054547807e-08,2.2166672e-06,6.14203309481111e-08
"454",-1250,1050,"f",2.194999525e-06,6.19365867105336e-08,1.4166674e-06,4.92146320270685e-08
"455",-1500,1050,"f",1.248334053e-06,1.4746621937767e-08,8.0649999e-07,1.16851509806489e-08
"456",0,1100,"f",0.00499741125,2.53103507543552e-06,0.003385567,2.08932072379884e-06
"457",-250,1100,"f",0.00032134,6.44368008581895e-07,0.0002058375,5.15408910455693e-07
"458",-500,1100,"f",1.7475e-05,2.9979858713101e-07,1.1385e-05,2.42015420303645e-07
"459",-750,1100,"f",7.135e-06,1.92152905340382e-07,4.695e-06,1.56134281770532e-07
"460",-1000,1100,"f",3.81166519e-06,8.11535617626633e-08,2.479999845e-06,6.51047593841555e-08
"461",-1250,1100,"f",2.16166652e-06,6.10738213069643e-08,1.438333525e-06,4.95268203154425e-08
"462",-1500,1100,"f",1.327333276e-06,1.51814918046357e-08,8.60833335e-07,1.21270189107959e-08
"463",0,1150,"f",0.0052652235,2.60018641222547e-06,0.00357385875,2.14292383957565e-06
"464",-250,1150,"f",0.00034694375,6.68999410797246e-07,0.000223149375,5.37047919104455e-07
"465",-500,1150,"f",1.8535e-05,3.0908702919e-07,1.20125e-05,2.49031686793569e-07
"466",-750,1150,"f",7.75500000000001e-06,1.99693991288546e-07,5.03e-06,1.60154253589313e-07
"467",-1000,1150,"f",4.063333135e-06,8.36677593253905e-08,2.638333375e-06,6.7060090132016e-08
"468",-1250,1150,"f",2.286667135e-06,6.3422179640648e-08,1.491666365e-06,5.02507166883595e-08
"469",-1500,1150,"f",1.383333496e-06,1.55072559086821e-08,8.953337745e-07,1.23823049585613e-08
"470",0,1173,"f",0.005385451,2.63412129397203e-06,0.00365906475,2.16927362042743e-06
"471",-250,1173,"f",0.00035960125,6.81136017652346e-07,0.000231825625,5.47649688086327e-07
"472",-500,1173,"f",1.872e-05,3.10468358157075e-07,1.21175e-05,2.50712896698096e-07
"473",-750,1173,"f",7.83000000000001e-06,2.00248225961555e-07,5.065e-06,1.61013237369634e-07
"474",-1000,1173,"f",4.26333273e-06,8.56347990635587e-08,2.73499969e-06,6.82135644904241e-08
"475",-1250,1173,"f",2.258332985e-06,6.25157414240359e-08,1.47999943e-06,5.00558490550587e-08
"476",-1500,1173,"f",1.4315002585e-06,1.57783741592975e-08,9.28833547e-07,1.25812145387146e-08
"477",0,1200,"f",0.00552514725,2.66200642742594e-06,0.003758638,2.19388136241591e-06
"478",-250,1200,"f",0.00037455375,6.94970608004475e-07,0.000241712475,5.59344585680729e-07
"479",-500,1200,"f",1.967e-05,3.18581822412234e-07,1.28975e-05,2.59522216456029e-07
"480",-750,1200,"f",8.02500000000002e-06,2.03165529989711e-07,5.215e-06,1.633185411596e-07
"481",-1000,1200,"f",4.465e-06,1.51409727120651e-07,2.835e-06,1.19892183821549e-07
"482",-1250,1200,"f",2.425e-06,1.13029579399598e-07,1.61e-06,9.02789323735056e-08
"483",-1500,1200,"f",1.4886666555e-06,1.6093496407585e-08,9.590001205e-07,1.28086387316382e-08
"484",0,1250,"f",0.0057850185,2.71956692196101e-06,0.0039434922,2.25886388441757e-06
"485",-250,1250,"f",0.00040202875,7.19650464825156e-07,0.000260015675,5.80074096909597e-07
"486",-500,1250,"f",2.127e-05,3.30939625187511e-07,1.39425e-05,2.68838831022418e-07
"487",-750,1250,"f",8.61500000000001e-06,2.10297939506667e-07,5.57e-06,1.68670927474921e-07
"488",-1000,1250,"f",4.51e-06,1.51654371059656e-07,2.87e-06,1.20205464075058e-07
"489",-1250,1250,"f",2.565e-06,1.17155570669943e-07,1.625e-06,9.15173934383514e-08
"490",-1500,1250,"f",1.57583357e-06,1.6552669011152e-08,1.0128328275e-06,1.31899773408111e-08
"491",0,1300,"f",0.00604476150000001,2.78508375763069e-06,0.004129719,2.30476344428748e-06
"492",-250,1300,"f",0.00043016125,7.43405289124216e-07,0.000279006325,6.01203642110792e-07
"493",-500,1300,"f",2.2515e-05,3.40912874078554e-07,1.4735e-05,2.7536177860453e-07
"494",-750,1300,"f",9.09500000000002e-06,2.15576360730368e-07,5.9e-06,1.73627359647033e-07
"495",-1000,1300,"f",4.51e-06,1.52639310365155e-07,2.885e-06,1.20521226301635e-07
"496",-1250,1300,"f",2.68e-06,1.19794986375683e-07,1.745e-06,9.50042575756476e-08
"497",-1500,1300,"f",1.600165924e-06,1.66885449337479e-08,1.030000259e-06,1.32449198796302e-08
"498",0,1332,"f",0.006203155,5.63591250993848e-06,0.0042430375,4.68532894098206e-06
"499",-250,1332,"f",0.000449305,1.52085612336112e-06,0.0002920375,1.23192925532671e-06
"500",-500,1332,"f",2.3795e-05,3.50138546013931e-07,1.545e-05,2.82460153086679e-07
"501",-750,1332,"f",9.32000000000002e-06,2.18061953091891e-07,6.055e-06,1.76435007193159e-07
"502",-1000,1332,"f",4.95e-06,1.59836818898213e-07,3.175e-06,1.26980207493136e-07
"503",-1250,1332,"f",2.555e-06,1.16723240225544e-07,1.68e-06,9.30063151068249e-08
"504",-1500,1332,"f",1.6555004315e-06,1.69711082136343e-08,1.0696667305e-06,1.35186280689167e-08
"505",0,1350,"f",0.00629197,5.679763411748e-06,0.004309225,4.71805384063609e-06
"506",-250,1350,"f",0.000459505,1.53707364869132e-06,0.0002989275,1.24665480714821e-06
"507",-500,1350,"f",2.3885e-05,3.50368811251087e-07,1.5515e-05,2.83695241631755e-07
"508",-750,1350,"f",9.33500000000001e-06,2.18226393357334e-07,6.07e-06,1.76627854080267e-07
"509",-1000,1350,"f",4.86e-06,1.58417935488694e-07,3.12e-06,1.2608964572676e-07
"510",-1250,1350,"f",2.82e-06,1.22271300406105e-07,1.83e-06,9.72122932336749e-08
"511",-1500,1350,"f",1.68966632e-06,1.71486979946592e-08,1.0883326015e-06,1.36338231027742e-08
"512",0,1400,"f",0.0065437,5.78811804051118e-06,0.00449032,4.81122984002191e-06
"513",-250,1400,"f",0.000487725,1.58348479183169e-06,0.000318575,1.28850040681244e-06
"514",-500,1400,"f",2.561e-05,3.6177797209511e-07,1.6525e-05,2.92757961095851e-07
"515",-750,1400,"f",1.01e-05,2.27172030409776e-07,6.56e-06,1.83568153499593e-07
"516",-1000,1400,"f",5.08e-06,1.61704295125392e-07,3.265e-06,1.29518551517726e-07
"517",-1250,1400,"f",3.125e-06,1.28352620248867e-07,1.97e-06,1.00500730136651e-07
"518",-1500,1400,"f",1.7384999445e-06,1.73664024780407e-08,1.1296668575e-06,1.39052454260567e-08
"519",0,1450,"f",0.00679018,5.89875044994565e-06,0.0046692675,4.91702298620632e-06
"520",-250,1450,"f",0.00051998,1.63516151867254e-06,0.00034033,1.33204995767726e-06
"521",-500,1450,"f",2.659e-05,3.69561776205278e-07,1.7265e-05,3.00121694085916e-07
"522",-750,1450,"f",1.0315e-05,2.29849667228386e-07,6.79e-06,1.86404105994208e-07
"523",-1000,1450,"f",5.23e-06,1.63860315539639e-07,3.36e-06,1.31910491588046e-07
"524",-1250,1450,"f",2.97e-06,1.24094958483413e-07,1.925e-06,9.86169582602303e-08
"525",-1500,1450,"f",1.842334269e-06,1.78901395567401e-08,1.190999959e-06,1.42950420598363e-08
"526",0,1500,"f",0.00703351,5.99545074010506e-06,0.0048471225,5.01035415629505e-06
"527",-250,1500,"f",0.000551555,1.68366994765579e-06,0.0003609425,1.37040358497853e-06
"528",-500,1500,"f",2.855e-05,3.82314559338577e-07,1.8565e-05,3.11249627664838e-07
"529",-750,1500,"f",1.1105e-05,2.37861846894368e-07,7.315e-06,1.94483051627899e-07
"530",-1000,1500,"f",5.5e-06,1.68085528151593e-07,3.66e-06,1.3729704272671e-07
"531",-1250,1500,"f",3.185e-06,1.29133471280687e-07,2e-06,1.00251829631683e-07
"532",-1500,1500,"f",1.9253337835e-06,1.82676836046256e-08,1.2409996575e-06,1.45789137975099e-08
"533",0,1550,"f",0.00729041,6.10647207151834e-06,0.0050297575,5.11144664283032e-06
"534",-250,1550,"f",0.0005817,1.72804495478402e-06,0.00038119,1.40864451403628e-06
"535",-500,1550,"f",3.0205e-05,3.94436318909022e-07,1.94500000000001e-05,3.17506846058475e-07
"536",-750,1550,"f",1.0905e-05,2.36471955831976e-07,7.125e-06,1.91387519122199e-07
"537",-1000,1550,"f",5.805e-06,1.73852643010539e-07,3.84e-06,1.42478409686345e-07
"538",-1250,1550,"f",3.265e-06,1.30864445056707e-07,2.14e-06,1.0488118845508e-07
"539",-1500,1550,"f",1.969166775e-06,1.8474863054757e-08,1.2786670825e-06,1.47965629512643e-08
"540",0,1600,"f",0.00752609,6.20978690470565e-06,0.005203745,5.20059120530889e-06
"541",-250,1600,"f",0.000611025,1.7709571528516e-06,0.0004016625,1.4467143451118e-06
"542",-500,1600,"f",3.1705e-05,4.03934563276653e-07,2.0415e-05,3.24654832198752e-07
"543",-750,1600,"f",1.125e-05,2.40297109397408e-07,7.43e-06,1.95448807928061e-07
"544",-1000,1600,"f",5.78e-06,1.72479809098775e-07,3.875e-06,1.4256450571408e-07
"545",-1250,1600,"f",3.285e-06,1.30677079551083e-07,2.19e-06,1.06300953682222e-07
"546",-1500,1600,"f",2.031333156e-06,1.87577190344174e-08,1.3124992995e-06,1.49732325452438e-08
"547",0,1650,"f",0.007762,6.29622987888748e-06,0.00537713,5.28111809049411e-06
"548",-250,1650,"f",0.000644245,1.81678398398007e-06,0.000423885,1.48609033452864e-06
"549",-500,1650,"f",3.3455e-05,4.15197633437981e-07,2.136e-05,3.33524597827881e-07
"550",-750,1650,"f",1.18e-05,2.46891658580743e-07,7.685e-06,1.98564293419033e-07
"551",-1000,1650,"f",6.165e-06,1.78941068132081e-07,4.08e-06,1.45432214469491e-07
"552",-1250,1650,"f",3.55e-06,1.35830098857911e-07,2.275e-06,1.07586351467089e-07
"553",-1500,1650,"f",2.152666676e-06,1.93171327979054e-08,1.383666794e-06,1.53872879767514e-08
"554",0,1700,"f",0.00799903,6.40904617897882e-06,0.005550535,5.38746496637827e-06
"555",-250,1700,"f",0.000676660000000001,1.86161826978667e-06,0.000446925,1.52782873284757e-06
"556",-500,1700,"f",3.5155e-05,4.25375880467499e-07,2.2505e-05,3.43040624593502e-07
"557",-750,1700,"f",1.196e-05,2.48684425856345e-07,7.85000000000001e-06,2.01123994315696e-07
"558",-1000,1700,"f",6.58e-06,1.85063741930314e-07,4.325e-06,1.49582960680687e-07
"559",-1250,1700,"f",3.495e-06,1.34443286309693e-07,2.275e-06,1.07820469502549e-07
"560",-1500,1700,"f",2.210166992e-06,1.95716074940331e-08,1.4349991425e-06,1.57108834833568e-08
"561",0,1750,"f",0.00822216500000001,6.47302316155336e-06,0.00571554,5.4582461298057e-06
"562",-250,1750,"f",0.000708265,1.90456936022687e-06,0.0004683625,1.56417986672731e-06
"563",-500,1750,"f",3.6175e-05,4.32327736067211e-07,2.32625e-05,3.48054950984844e-07
"564",-750,1750,"f",1.299e-05,2.59423152412714e-07,8.57500000000002e-06,2.11238039331225e-07
"565",-1000,1750,"f",6.61e-06,1.86015847661563e-07,4.39e-06,1.50157455487565e-07
"566",-1250,1750,"f",3.59e-06,1.35831820647814e-07,2.31e-06,1.10453350802499e-07
"567",-1500,1750,"f",2.2811669305e-06,1.98634752557953e-08,1.476332965e-06,1.59526761327071e-08
"568",0,1800,"f",0.008454295,6.56681715599409e-06,0.0058877975,5.53534298505211e-06
"569",-250,1800,"f",0.00073716,1.942784189589e-06,0.000489775,1.60092167467386e-06
"570",-500,1800,"f",3.793e-05,4.4259609666207e-07,2.443e-05,3.57890590892664e-07
"571",-750,1800,"f",1.359e-05,2.65132310251882e-07,8.91000000000001e-06,2.1506099356636e-07
"572",-1000,1800,"f",7.09e-06,1.9339316101468e-07,4.675e-06,1.54666316233529e-07
"573",-1250,1800,"f",3.71e-06,1.38198888501319e-07,2.385e-06,1.10795658505873e-07
"574",-1500,1800,"f",2.341167613e-06,2.01260022321694e-08,1.510500509e-06,1.60679205744885e-08
"575",0,1850,"f",0.008672665,6.66035857744e-06,0.00605289249999999,5.63337417344704e-06
"576",-250,1850,"f",0.00077185,1.98634912174314e-06,0.00051345,1.6383428233631e-06
"577",-500,1850,"f",3.9165e-05,4.4925479994403e-07,2.51100000000001e-05,3.6393399994745e-07
"578",-750,1850,"f",1.413e-05,2.69160950055446e-07,9.22500000000003e-06,2.18574952348731e-07
"579",-1000,1850,"f",7.115e-06,1.9253575581629e-07,4.635e-06,1.54519697275946e-07
"580",-1250,1850,"f",4.105e-06,1.45851518542832e-07,2.69e-06,1.17257609333041e-07
"581",-1500,1850,"f",2.39399998750001e-06,2.03627478067752e-08,1.5529162025e-06,1.63485167839508e-08
"582",0,1900,"f",0.008894445,6.72680486707166e-06,0.00621818,5.69772583891835e-06
"583",-250,1900,"f",0.000805275,2.02927619528392e-06,0.0005373,1.67952502692186e-06
"584",-500,1900,"f",4.075e-05,4.57531358871171e-07,2.60250000000001e-05,3.7001537188651e-07
"585",-750,1900,"f",1.449e-05,2.73122637468501e-07,9.44500000000002e-06,2.20059167233496e-07
"586",-1000,1900,"f",7.205e-06,1.93064725170084e-07,4.65e-06,1.55409344949877e-07
"587",-1250,1900,"f",3.93e-06,1.42476387384893e-07,2.585e-06,1.15003749544308e-07
"588",-1500,1900,"f",2.4406673225e-06,2.05367418670417e-08,1.5780836935e-06,1.64555536585313e-08
"589",0,1950,"f",0.009117245,6.81225837418891e-06,0.0063836275,5.79323853353455e-06
"590",-250,1950,"f",0.00083551,2.06665440581396e-06,0.000559195000000001,1.71472274766646e-06
"591",-500,1950,"f",4.225e-05,4.65894001694323e-07,2.72875e-05,3.78835663009371e-07
"592",-750,1950,"f",1.49e-05,2.76405960843376e-07,9.71000000000003e-06,2.24271776877966e-07
"593",-1000,1950,"f",7.525e-06,1.96530239192344e-07,4.805e-06,1.5708006272917e-07
"594",-1250,1950,"f",4.28e-06,1.48329857482403e-07,2.77e-06,1.18744878684304e-07
"595",-1500,1950,"f",2.5244994895e-06,2.08827510595615e-08,1.6297501785e-06,1.67374822859673e-08
"596",0,2000,"f",0.009330535,6.90342804341296e-06,0.0065415875,5.85445533704189e-06
"597",-250,2000,"f",0.0008703,2.10908800106456e-06,0.0005829125,1.74871442980588e-06
"598",-500,2000,"f",4.3595e-05,4.73214502926263e-07,2.822e-05,3.85455544481461e-07
"599",-750,2000,"f",1.5395e-05,2.81645985725876e-07,1.01e-05,2.297863317666e-07
"600",-1000,2000,"f",7.79500000000001e-06,2.00436133906165e-07,5.02e-06,1.61869344202353e-07
"601",-1250,2000,"f",4.22e-06,1.47312525242255e-07,2.755e-06,1.18636098853806e-07
"602",-1500,2000,"f",2.62116675350001e-06,2.12736622850696e-08,1.6900839375e-06,1.70683250685309e-08
